{
    "deflections": {
        "AX": 150.0,
        "CDD": 120.0,
        "H1": 0.0,
        "H2": 80.0,
        "L1": 320.0,
        "L2": 650.0
    },
    "gains": {
        "AX": 1.02339,
        "CDD": 0.0,
        "H1": 1.0,
        "H2": 1.0108647,
        "L1": 1.0186281,
        "L2": 1.0444
    },
    "settings": [],
    "spectrometer": {}
}